activity_id,target_chembl_id,target_organism,molecule_chembl_id,molecule_pref_name,canonical_smiles,standard_type,standard_relation,standard_value,standard_units,activity_comment,data_validity_comment,assay_chembl_id,assay_type,assay_description,document_chembl_id,document_year
12493830,CHEMBL612665,Apis mellifera,CHEMBL1863429,Cyazofamid,Cc1ccc(-c2c(Cl)nc(C#N)n2S(=O)(=O)N(C)C)cc1,LD50,>,100.0,ug,,,CHEMBL3068390,A,Acute toxicity in Apis mellifera (honey bee) compound administered topically,CHEMBL3045528,2004
12493832,CHEMBL612665,Apis mellifera,CHEMBL1863429,Cyazofamid,Cc1ccc(-c2c(Cl)nc(C#N)n2S(=O)(=O)N(C)C)cc1,LD50,>,151.7,ug,,,CHEMBL3068392,A,Acute toxicity in po dosed Apis mellifera (honey bee),CHEMBL3045528,2004
12512531,CHEMBL612665,Apis mellifera,CHEMBL406819,IMIDACLOPRID,O=[N+]([O-])/N=C1\NCCN1Cc1ccc(Cl)nc1,T1/2,=,4.5,hr,,,CHEMBL3081226,A,Half life in Apis mellifera (honey bee),CHEMBL3045719,2004
12524223,CHEMBL612665,Apis mellifera,CHEMBL499030,MILBEMECTIN,C/C1=C\C[C@@H]2C[C@@H](C[C@]3(CC[C@H](C)[C@@H](C)O3)O2)OC(=O)[C@@H]2CC[C@@H](O)[C@H]3OC/C(=C\C=C\[C@H](C)C1)[C@]32O,LD50,<,1.0,ug,,,CHEMBL3080513,F,Contact toxicity against Apis mellifera (honey bee) assessed per bee,CHEMBL3045684,2010
12524224,CHEMBL612665,Apis mellifera,CHEMBL1869551,CHLORFENAPYR,CCOCn1c(-c2ccc(Cl)cc2)c(C#N)c(Br)c1C(F)(F)F,LD50,<,1.0,ug,,,CHEMBL3080513,F,Contact toxicity against Apis mellifera (honey bee) assessed per bee,CHEMBL3045684,2010
12524225,CHEMBL612665,Apis mellifera,CHEMBL243282,FENAZAQUIN,CC(C)(C)c1ccc(CCOc2ncnc3ccccc23)cc1,LD50,<,1.0,ug,,,CHEMBL3080513,F,Contact toxicity against Apis mellifera (honey bee) assessed per bee,CHEMBL3045684,2010
12524229,CHEMBL612665,Apis mellifera,CHEMBL1872845,BIFENAZATE,COc1ccc(-c2ccccc2)cc1NNC(=O)OC(C)C,LD50,<,1.0,ug,,,CHEMBL3080513,F,Contact toxicity against Apis mellifera (honey bee) assessed per bee,CHEMBL3045684,2010
12524233,CHEMBL612665,Apis mellifera,CHEMBL3215298,ABAMECTIN,CC[C@H](C)[C@H]1O[C@]2(C=C[C@@H]1C)C[C@@H]1C[C@@H](C/C=C(\C)[C@@H](O[C@H]3C[C@H](OC)[C@@H](O[C@H]4C[C@H](OC)[C@@H](O)[C@H](C)O4)[C@H](C)O3)[C@@H](C)/C=C/C=C3\CO[C@@H]4[C@H](O)C(C)=C[C@@H](C(=O)O1)[C@]34O)O2.CO[C@H]1C[C@H](O[C@H]2[C@H](C)O[C@@H](O[C@@H]3/C(C)=C/C[C@@H]4C[C@@H](C[C@]5(C=C[C@H](C)[C@@H](C(C)C)O5)O4)OC(=O)[C@@H]4C=C(C)[C@@H](O)[C@H]5OC/C(=C\C=C\[C@@H]3C)[C@]54O)C[C@@H]2OC)O[C@@H](C)[C@@H]1O,LD50,=,0.009,ug,,,CHEMBL3080437,F,Toxicity against po dosed Apis mellifera (honey bee) assessed per bee after 24 hr,CHEMBL3045684,2010
12524234,CHEMBL612665,Apis mellifera,CHEMBL3215298,ABAMECTIN,CC[C@H](C)[C@H]1O[C@]2(C=C[C@@H]1C)C[C@@H]1C[C@@H](C/C=C(\C)[C@@H](O[C@H]3C[C@H](OC)[C@@H](O[C@H]4C[C@H](OC)[C@@H](O)[C@H](C)O4)[C@H](C)O3)[C@@H](C)/C=C/C=C3\CO[C@@H]4[C@H](O)C(C)=C[C@@H](C(=O)O1)[C@]34O)O2.CO[C@H]1C[C@H](O[C@H]2[C@H](C)O[C@@H](O[C@@H]3/C(C)=C/C[C@@H]4C[C@@H](C[C@]5(C=C[C@H](C)[C@@H](C(C)C)O5)O4)OC(=O)[C@@H]4C=C(C)[C@@H](O)[C@H]5OC/C(=C\C=C\[C@@H]3C)[C@]54O)C[C@@H]2OC)O[C@@H](C)[C@@H]1O,LD50,=,0.002,ug,,,CHEMBL3080438,F,Contact toxicity against Apis mellifera (honey bee) assessed per bee after 24 hr,CHEMBL3045684,2010
12524235,CHEMBL612665,Apis mellifera,CHEMBL1872845,BIFENAZATE,COc1ccc(-c2ccccc2)cc1NNC(=O)OC(C)C,LD50,=,8.5,ug,,,CHEMBL3080440,F,Contact toxicity against Apis mellifera (honey bee) assessed per bee after 48 hr,CHEMBL3045684,2010
12524239,CHEMBL612665,Apis mellifera,CHEMBL365100,FENPYROXYMATE,Cc1nn(C)c(Oc2ccccc2)c1/C=N/OCc1ccc(C(=O)OC(C)(C)C)cc1,Activity,,,,,,CHEMBL3079990,F,Toxicity against Apis mellifera (honey bee) assessed as adverse efffect at 250 mg/l,CHEMBL3045684,2010
12524240,CHEMBL612665,Apis mellifera,CHEMBL1869551,CHLORFENAPYR,CCOCn1c(-c2ccc(Cl)cc2)c(C#N)c(Br)c1C(F)(F)F,LD50,=,0.2,ug,,,CHEMBL3079991,F,Toxicity against Apis mellifera (honey bee) assessed per bee,CHEMBL3045684,2010
12524220,CHEMBL2367044,Bombus terrestris,CHEMBL226430,FLUCYCLOXURON,O=C(NC(=O)c1c(F)cccc1F)Nc1ccc(CO/N=C(/c2ccc(Cl)cc2)C2CC2)cc1,Activity,,,,,,CHEMBL3083243,F,"Toxicity against worker Bombus terrestris (bumblebee) assessed as reduction in reproduction at 125 mg a.i./l, po administered through pollen for 11 weeks measured once a week for 11 weeks",CHEMBL3045684,2010
12524221,CHEMBL2367044,Bombus terrestris,CHEMBL1869551,CHLORFENAPYR,CCOCn1c(-c2ccc(Cl)cc2)c(C#N)c(Br)c1C(F)(F)F,Activity,,,,,,CHEMBL3083244,F,"Toxicity against worker Bombus terrestris (bumblebee) assessed as reduction in reproduction at 240 mg a.i./l, po administered through pollen for 11 weeks measured once a week for 11 weeks",CHEMBL3045684,2010
12524222,CHEMBL2367044,Bombus terrestris,CHEMBL3215298,ABAMECTIN,CC[C@H](C)[C@H]1O[C@]2(C=C[C@@H]1C)C[C@@H]1C[C@@H](C/C=C(\C)[C@@H](O[C@H]3C[C@H](OC)[C@@H](O[C@H]4C[C@H](OC)[C@@H](O)[C@H](C)O4)[C@H](C)O3)[C@@H](C)/C=C/C=C3\CO[C@@H]4[C@H](O)C(C)=C[C@@H](C(=O)O1)[C@]34O)O2.CO[C@H]1C[C@H](O[C@H]2[C@H](C)O[C@@H](O[C@@H]3/C(C)=C/C[C@@H]4C[C@@H](C[C@]5(C=C[C@H](C)[C@@H](C(C)C)O5)O4)OC(=O)[C@@H]4C=C(C)[C@@H](O)[C@H]5OC/C(=C\C=C\[C@@H]3C)[C@]54O)C[C@@H]2OC)O[C@@H](C)[C@@H]1O,Activity,,,,,,CHEMBL3083245,F,"Toxicity against worker Bombus terrestris (bumblebee) assessed as reduction in reproduction at 18 mg a.i./l, po administered through pollen for 11 weeks measured once a week for 11 weeks",CHEMBL3045684,2010
12524226,CHEMBL2367044,Bombus terrestris,CHEMBL499030,MILBEMECTIN,C/C1=C\C[C@@H]2C[C@@H](C[C@]3(CC[C@H](C)[C@@H](C)O3)O2)OC(=O)[C@@H]2CC[C@@H](O)[C@H]3OC/C(=C\C=C\[C@H](C)C1)[C@]32O,LD50,>,100.0,ug,,,CHEMBL3080434,F,Contact toxicity against Bombus terrestris (bumblebee) assessed per bee,CHEMBL3045684,2010
12524227,CHEMBL2367044,Bombus terrestris,CHEMBL1869551,CHLORFENAPYR,CCOCn1c(-c2ccc(Cl)cc2)c(C#N)c(Br)c1C(F)(F)F,LD50,>,100.0,ug,,,CHEMBL3080434,F,Contact toxicity against Bombus terrestris (bumblebee) assessed per bee,CHEMBL3045684,2010
12524228,CHEMBL2367044,Bombus terrestris,CHEMBL243282,FENAZAQUIN,CC(C)(C)c1ccc(CCOc2ncnc3ccccc23)cc1,LD50,>,100.0,ug,,,CHEMBL3080434,F,Contact toxicity against Bombus terrestris (bumblebee) assessed per bee,CHEMBL3045684,2010
12524230,CHEMBL2367044,Bombus terrestris,CHEMBL1872845,BIFENAZATE,COc1ccc(-c2ccccc2)cc1NNC(=O)OC(C)C,LD50,>,100.0,ug,,,CHEMBL3080434,F,Contact toxicity against Bombus terrestris (bumblebee) assessed per bee,CHEMBL3045684,2010
12524231,CHEMBL2367044,Bombus terrestris,CHEMBL226430,FLUCYCLOXURON,O=C(NC(=O)c1c(F)cccc1F)Nc1ccc(CO/N=C(/c2ccc(Cl)cc2)C2CC2)cc1,Activity,,,,,,CHEMBL3080436,F,"Toxicity against worker Bombus terrestris (bumblebee) assessed as reduction in reproduction at 125 mg a.i./l, po administered through sugar water for 11 weeks measured once a week for 11 weeks relative to control",CHEMBL3045684,2010
12524241,CHEMBL2367044,Bombus terrestris,CHEMBL3215298,ABAMECTIN,CC[C@H](C)[C@H]1O[C@]2(C=C[C@@H]1C)C[C@@H]1C[C@@H](C/C=C(\C)[C@@H](O[C@H]3C[C@H](OC)[C@@H](O[C@H]4C[C@H](OC)[C@@H](O)[C@H](C)O4)[C@H](C)O3)[C@@H](C)/C=C/C=C3\CO[C@@H]4[C@H](O)C(C)=C[C@@H](C(=O)O1)[C@]34O)O2.CO[C@H]1C[C@H](O[C@H]2[C@H](C)O[C@@H](O[C@@H]3/C(C)=C/C[C@@H]4C[C@@H](C[C@]5(C=C[C@H](C)[C@@H](C(C)C)O5)O4)OC(=O)[C@@H]4C=C(C)[C@@H](O)[C@H]5OC/C(=C\C=C\[C@@H]3C)[C@]54O)C[C@@H]2OC)O[C@@H](C)[C@@H]1O,NOAEL,=,0.18,mgAi/L,,,CHEMBL3079993,F,Toxicity against po dosed worker Bombus terrestris (bumblebee) administered through sugar water for 11 weeks measured everyday for 3 days followed by once a week for 11 weeks,CHEMBL3045684,2010
12524242,CHEMBL2367044,Bombus terrestris,CHEMBL2227975,BIFENTHRIN,Cc1c(COC(=O)[C@@H]2[C@H](/C=C(\Cl)C(F)(F)F)C2(C)C)cccc1-c1ccccc1,NOAEL,=,0.03,mgAi/L,,,CHEMBL3079993,F,Toxicity against po dosed worker Bombus terrestris (bumblebee) administered through sugar water for 11 weeks measured everyday for 3 days followed by once a week for 11 weeks,CHEMBL3045684,2010
12524243,CHEMBL2367044,Bombus terrestris,CHEMBL1881674,ETOXAZOLE,CCOc1cc(C(C)(C)C)ccc1C1COC(c2c(F)cccc2F)=N1,NOAEL,=,0.55,mgAi/L,,,CHEMBL3079993,F,Toxicity against po dosed worker Bombus terrestris (bumblebee) administered through sugar water for 11 weeks measured everyday for 3 days followed by once a week for 11 weeks,CHEMBL3045684,2010
12524244,CHEMBL2367044,Bombus terrestris,CHEMBL1872845,BIFENAZATE,COc1ccc(-c2ccccc2)cc1NNC(=O)OC(C)C,NOAEL,=,0.096,mgAi/L,,,CHEMBL3079993,F,Toxicity against po dosed worker Bombus terrestris (bumblebee) administered through sugar water for 11 weeks measured everyday for 3 days followed by once a week for 11 weeks,CHEMBL3045684,2010
12524245,CHEMBL2367044,Bombus terrestris,CHEMBL2227975,BIFENTHRIN,Cc1c(COC(=O)[C@@H]2[C@H](/C=C(\Cl)C(F)(F)F)C2(C)C)cccc1-c1ccccc1,LC50,=,0.36,mgAi/L,,,CHEMBL3079993,F,Toxicity against po dosed worker Bombus terrestris (bumblebee) administered through sugar water for 11 weeks measured everyday for 3 days followed by once a week for 11 weeks,CHEMBL3045684,2010
12524246,CHEMBL2367044,Bombus terrestris,CHEMBL1881674,ETOXAZOLE,CCOc1cc(C(C)(C)C)ccc1C1COC(c2c(F)cccc2F)=N1,LC50,=,4.4,mgAi/L,,,CHEMBL3079993,F,Toxicity against po dosed worker Bombus terrestris (bumblebee) administered through sugar water for 11 weeks measured everyday for 3 days followed by once a week for 11 weeks,CHEMBL3045684,2010
12524247,CHEMBL2367044,Bombus terrestris,CHEMBL1872845,BIFENAZATE,COc1ccc(-c2ccccc2)cc1NNC(=O)OC(C)C,LC50,=,9.6,mgAi/L,,,CHEMBL3079993,F,Toxicity against po dosed worker Bombus terrestris (bumblebee) administered through sugar water for 11 weeks measured everyday for 3 days followed by once a week for 11 weeks,CHEMBL3045684,2010
12524248,CHEMBL2367044,Bombus terrestris,CHEMBL3215298,ABAMECTIN,CC[C@H](C)[C@H]1O[C@]2(C=C[C@@H]1C)C[C@@H]1C[C@@H](C/C=C(\C)[C@@H](O[C@H]3C[C@H](OC)[C@@H](O[C@H]4C[C@H](OC)[C@@H](O)[C@H](C)O4)[C@H](C)O3)[C@@H](C)/C=C/C=C3\CO[C@@H]4[C@H](O)C(C)=C[C@@H](C(=O)O1)[C@]34O)O2.CO[C@H]1C[C@H](O[C@H]2[C@H](C)O[C@@H](O[C@@H]3/C(C)=C/C[C@@H]4C[C@@H](C[C@]5(C=C[C@H](C)[C@@H](C(C)C)O5)O4)OC(=O)[C@@H]4C=C(C)[C@@H](O)[C@H]5OC/C(=C\C=C\[C@@H]3C)[C@]54O)C[C@@H]2OC)O[C@@H](C)[C@@H]1O,LC50,=,1.17,mgAi/L,,,CHEMBL3079993,F,Toxicity against po dosed worker Bombus terrestris (bumblebee) administered through sugar water for 11 weeks measured everyday for 3 days followed by once a week for 11 weeks,CHEMBL3045684,2010
12524249,CHEMBL2367044,Bombus terrestris,CHEMBL225963,PYRIDABEN,CC(C)(C)c1ccc(CSc2cnn(C(C)(C)C)c(=O)c2Cl)cc1,Activity,,,,,,CHEMBL3079994,F,"Toxicity against worker Bombus terrestris (bumblebee) assessed as reduction in reproduction at 75 mg a.i./l, po administered through pollen for 11 weeks measured once a week for 11 weeks",CHEMBL3045684,2010
12524250,CHEMBL2367044,Bombus terrestris,CHEMBL2227838,SPIROMESIFEN,Cc1cc(C)c(C2=C(OC(=O)CC(C)(C)C)C3(CCCC3)OC2=O)c(C)c1,Activity,,,,,,CHEMBL3079995,F,"Toxicity against worker Bombus terrestris (bumblebee) assessed as reduction in reproduction at 0.8 mg a.i./l, po administered through pollen for 11 weeks measured once a week for 11 weeks",CHEMBL3045684,2010
12524251,CHEMBL2367044,Bombus terrestris,CHEMBL2227839,SPIRODICLOFEN,CCC(C)(C)C(=O)OC1=C(c2ccc(Cl)cc2Cl)C(=O)OC12CCCCC2,Activity,,,,,,CHEMBL3080452,F,"Toxicity against worker Bombus terrestris (bumblebee) assessed as reduction in reproduction at 96 mg a.i./l, po administered through pollen for 11 weeks measured once a week for 11 weeks",CHEMBL3045684,2010
12524252,CHEMBL2367044,Bombus terrestris,CHEMBL1472895,FENBUTATIN OXIDE,,Activity,=,25.0,%,,,CHEMBL3080453,F,"Toxicity against worker Bombus terrestris (bumblebee) assessed as reduction in reproduction at 275 mg a.i./l, po administered through pollen for 11 weeks measured once a week for 11 weeks",CHEMBL3045684,2010
12524253,CHEMBL2367044,Bombus terrestris,CHEMBL1881674,ETOXAZOLE,CCOc1cc(C(C)(C)C)ccc1C1COC(c2c(F)cccc2F)=N1,Activity,=,25.0,%,,,CHEMBL3080454,F,"Toxicity against worker Bombus terrestris (bumblebee) assessed as reduction in reproduction at 55 mg a.i./l, po administered through pollen for 11 weeks measured once a week for 11 weeks",CHEMBL3045684,2010
12524254,CHEMBL2367044,Bombus terrestris,CHEMBL2227839,SPIRODICLOFEN,CCC(C)(C)C(=O)OC1=C(c2ccc(Cl)cc2Cl)C(=O)OC12CCCCC2,Activity,,,,,,CHEMBL3083734,F,"Toxicity against worker Bombus terrestris (bumblebee) assessed as reduction in reproduction at 96 mg a.i./l, po administered through sugar water for 11 weeks measured once a week for 11 weeks relative to control",CHEMBL3045684,2010
12524255,CHEMBL2367044,Bombus terrestris,CHEMBL1867780,BROMOPROPYLATE,CC(C)OC(=O)C(O)(c1ccc(Br)cc1)c1ccc(Br)cc1,Activity,,,,,,CHEMBL3083253,F,"Toxicity against worker Bombus terrestris (bumblebee) assessed as reduction in reproduction at 500 mg a.i./l, po administered through sugar water for 11 weeks measured once a week for 11 weeks relative to control",CHEMBL3045684,2010
12524256,CHEMBL2367044,Bombus terrestris,CHEMBL2227838,SPIROMESIFEN,Cc1cc(C)c(C2=C(OC(=O)CC(C)(C)C)C3(CCCC3)OC2=O)c(C)c1,Activity,,,,,,CHEMBL3083247,F,"Toxicity against worker Bombus terrestris (bumblebee) assessed as reduction in reproduction at 0.8 mg a.i./l, po administered through sugar water for 11 weeks measured once a week for 11 weeks relative to control",CHEMBL3045684,2010
12524257,CHEMBL2367044,Bombus terrestris,CHEMBL243282,FENAZAQUIN,CC(C)(C)c1ccc(CCOc2ncnc3ccccc23)cc1,Activity,=,50.0,%,,,CHEMBL3080456,F,"Toxicity against worker Bombus terrestris (bumblebee) assessed as reduction in reproduction at 200 mg a.i./l, po administered through pollen for 11 weeks measured once a week for 11 weeks",CHEMBL3045684,2010
12524258,CHEMBL2367044,Bombus terrestris,CHEMBL1897070,TEBUFENPYRAD,CCc1nn(C)c(C(=O)NCc2ccc(C(C)(C)C)cc2)c1Cl,Activity,,,,,,CHEMBL3083248,F,"Toxicity against worker Bombus terrestris (bumblebee) assessed as reduction in reproduction at 10 mg a.i./l, po administered through sugar water for 11 weeks measured once a week for 11 weeks relative to control",CHEMBL3045684,2010
12524259,CHEMBL2367044,Bombus terrestris,CHEMBL1897070,TEBUFENPYRAD,CCc1nn(C)c(C(=O)NCc2ccc(C(C)(C)C)cc2)c1Cl,Activity,,,,,,CHEMBL3083246,F,"Toxicity against worker Bombus terrestris (bumblebee) assessed as reduction in reproduction at 200 mg a.i./l, po administered through sugar water for 11 weeks measured once a week for 11 weeks relative to control",CHEMBL3045684,2010
12524260,CHEMBL2367044,Bombus terrestris,CHEMBL1897070,TEBUFENPYRAD,CCc1nn(C)c(C(=O)NCc2ccc(C(C)(C)C)cc2)c1Cl,Activity,,,,,,CHEMBL3083249,F,"Toxicity against worker Bombus terrestris (bumblebee) assessed as reduction in reproduction at 100 mg a.i./l, po administered through sugar water for 11 weeks measured once a week for 11 weeks relative to control",CHEMBL3045684,2010
12524261,CHEMBL2367044,Bombus terrestris,CHEMBL225963,PYRIDABEN,CC(C)(C)c1ccc(CSc2cnn(C(C)(C)C)c(=O)c2Cl)cc1,Activity,,,,,,CHEMBL3083250,F,"Toxicity against worker Bombus terrestris (bumblebee) assessed as reduction in reproduction at 75 mg a.i./l, po administered through sugar water for 11 weeks measured once a week for 11 weeks relative to control",CHEMBL3045684,2010
12524262,CHEMBL2367044,Bombus terrestris,CHEMBL1869353,ACEQUINOCYL,CCCCCCCCCCCCC1=C(OC(C)=O)C(=O)c2ccccc2C1=O,Activity,,,,,,CHEMBL3083251,F,"Toxicity against worker Bombus terrestris (bumblebee) assessed as reduction in reproduction at 150 mg a.i./l, po administered through sugar water for 11 weeks measured once a week for 11 weeks relative to control",CHEMBL3045684,2010
12524263,CHEMBL2367044,Bombus terrestris,CHEMBL1079786,HEXYTHIAZOX,C[C@@H]1[C@@H](c2ccc(Cl)cc2)SC(=O)N1C(=O)NC1CCCCC1,Activity,,,,,,CHEMBL3083252,F,"Toxicity against worker Bombus terrestris (bumblebee) assessed as reduction in reproduction at 3 mg a.i./l, po administered through sugar water for 11 weeks measured once a week for 11 weeks relative to control",CHEMBL3045684,2010
12524264,CHEMBL2367044,Bombus terrestris,CHEMBL1355965,DIENOCHLOR,ClC1=C(Cl)C(Cl)(C2(Cl)C(Cl)=C(Cl)C(Cl)=C2Cl)C(Cl)=C1Cl,Activity,,,,,,CHEMBL3083253,F,"Toxicity against worker Bombus terrestris (bumblebee) assessed as reduction in reproduction at 500 mg a.i./l, po administered through sugar water for 11 weeks measured once a week for 11 weeks relative to control",CHEMBL3045684,2010
12524265,CHEMBL2367044,Bombus terrestris,CHEMBL1867780,BROMOPROPYLATE,CC(C)OC(=O)C(O)(c1ccc(Br)cc1)c1ccc(Br)cc1,Activity,=,50.0,%,,,CHEMBL3083242,F,"Toxicity against worker Bombus terrestris (bumblebee) assessed as reduction in reproduction at 500 mg a.i./l, po administered through pollen for 11 weeks measured once a week for 11 weeks",CHEMBL3045684,2010
12524266,CHEMBL2367044,Bombus terrestris,CHEMBL1897070,TEBUFENPYRAD,CCc1nn(C)c(C(=O)NCc2ccc(C(C)(C)C)cc2)c1Cl,Activity,=,50.0,%,,,CHEMBL3080455,F,"Toxicity against worker Bombus terrestris (bumblebee) assessed as reduction in reproduction at 10 mg a.i./l, po administered through pollen for 11 weeks measured once a week for 11 weeks",CHEMBL3045684,2010
12524267,CHEMBL2367044,Bombus terrestris,CHEMBL1897070,TEBUFENPYRAD,CCc1nn(C)c(C(=O)NCc2ccc(C(C)(C)C)cc2)c1Cl,Activity,=,50.0,%,,,CHEMBL3080456,F,"Toxicity against worker Bombus terrestris (bumblebee) assessed as reduction in reproduction at 200 mg a.i./l, po administered through pollen for 11 weeks measured once a week for 11 weeks",CHEMBL3045684,2010
12524268,CHEMBL2367044,Bombus terrestris,CHEMBL1897070,TEBUFENPYRAD,CCc1nn(C)c(C(=O)NCc2ccc(C(C)(C)C)cc2)c1Cl,Activity,=,50.0,%,,,CHEMBL3080457,F,"Toxicity against worker Bombus terrestris (bumblebee) assessed as reduction in reproduction at 100 mg a.i./l, po administered through pollen for 11 weeks measured once a week for 11 weeks",CHEMBL3045684,2010
12524269,CHEMBL2367044,Bombus terrestris,CHEMBL365100,FENPYROXYMATE,Cc1nn(C)c(Oc2ccccc2)c1/C=N/OCc1ccc(C(=O)OC(C)(C)C)cc1,Activity,=,50.0,%,,,CHEMBL3080458,F,"Toxicity against worker Bombus terrestris (bumblebee) assessed as reduction in reproduction at 50 mg a.i./l, po administered through pollen for 11 weeks measured once a week for 11 weeks",CHEMBL3045684,2010
12524270,CHEMBL2367044,Bombus terrestris,CHEMBL1869353,ACEQUINOCYL,CCCCCCCCCCCCC1=C(OC(C)=O)C(=O)c2ccccc2C1=O,Activity,=,50.0,%,,,CHEMBL3080462,F,"Toxicity against worker Bombus terrestris (bumblebee) assessed as reduction in reproduction at 150 mg a.i./l, po administered through pollen for 11 weeks measured once a week for 11 weeks",CHEMBL3045684,2010
12524271,CHEMBL2367044,Bombus terrestris,CHEMBL1358709,AZOCYCLOTIN,,Activity,=,50.0,%,,,CHEMBL3080459,F,"Toxicity against worker Bombus terrestris (bumblebee) assessed as reduction in reproduction at 750 mg a.i./l, po administered through pollen for 11 weeks measured once a week for 11 weeks",CHEMBL3045684,2010
12524272,CHEMBL2367044,Bombus terrestris,CHEMBL1365675,AMITRAZ,Cc1ccc(/N=C/N(C)/C=N/c2ccc(C)cc2C)c(C)c1,Activity,=,50.0,%,,,CHEMBL3080460,F,"Toxicity against worker Bombus terrestris (bumblebee) assessed as reduction in reproduction at 400 mg a.i./l, po administered through pollen for 11 weeks measured once a week for 11 weeks",CHEMBL3045684,2010
12524273,CHEMBL2367044,Bombus terrestris,CHEMBL1079786,HEXYTHIAZOX,C[C@@H]1[C@@H](c2ccc(Cl)cc2)SC(=O)N1C(=O)NC1CCCCC1,Activity,=,50.0,%,,,CHEMBL3080461,F,"Toxicity against worker Bombus terrestris (bumblebee) assessed as reduction in reproduction at 3 mg a.i./l, po administered through pollen for 11 weeks measured once a week for 11 weeks",CHEMBL3045684,2010
12524274,CHEMBL2367044,Bombus terrestris,CHEMBL17888,CLOFENTEZINE,Clc1ccccc1-c1nnc(-c2ccccc2Cl)nn1,Activity,=,50.0,%,,,CHEMBL3080462,F,"Toxicity against worker Bombus terrestris (bumblebee) assessed as reduction in reproduction at 150 mg a.i./l, po administered through pollen for 11 weeks measured once a week for 11 weeks",CHEMBL3045684,2010
12524275,CHEMBL2367044,Bombus terrestris,CHEMBL2227975,BIFENTHRIN,Cc1c(COC(=O)[C@@H]2[C@H](/C=C(\Cl)C(F)(F)F)C2(C)C)cccc1-c1ccccc1,Activity,=,50.0,%,,,CHEMBL3083241,F,"Toxicity against worker Bombus terrestris (bumblebee) assessed as reduction in reproduction at 30 mg a.i./l, po administered through pollen for 11 weeks measured once a week for 11 weeks",CHEMBL3045684,2010
12524276,CHEMBL2367044,Bombus terrestris,CHEMBL1355965,DIENOCHLOR,ClC1=C(Cl)C(Cl)(C2(Cl)C(Cl)=C(Cl)C(Cl)=C2Cl)C(Cl)=C1Cl,Activity,=,50.0,%,,,CHEMBL3083242,F,"Toxicity against worker Bombus terrestris (bumblebee) assessed as reduction in reproduction at 500 mg a.i./l, po administered through pollen for 11 weeks measured once a week for 11 weeks",CHEMBL3045684,2010
12524277,CHEMBL2367044,Bombus terrestris,CHEMBL365100,FENPYROXYMATE,Cc1nn(C)c(Oc2ccccc2)c1/C=N/OCc1ccc(C(=O)OC(C)(C)C)cc1,Activity,=,90.0,%,,,CHEMBL3083733,F,"Toxicity against worker Bombus terrestris (bumblebee) assessed as reduction in reproduction at 50 mg a.i./l, po administered through sugar water for 11 weeks measured once a week for 11 weeks relative to control",CHEMBL3045684,2010
12524278,CHEMBL2367044,Bombus terrestris,CHEMBL1872845,BIFENAZATE,COc1ccc(-c2ccccc2)cc1NNC(=O)OC(C)C,Activity,,,,,,CHEMBL3083734,F,"Toxicity against worker Bombus terrestris (bumblebee) assessed as reduction in reproduction at 96 mg a.i./l, po administered through sugar water for 11 weeks measured once a week for 11 weeks relative to control",CHEMBL3045684,2010
12524279,CHEMBL2367044,Bombus terrestris,CHEMBL1365675,AMITRAZ,Cc1ccc(/N=C/N(C)/C=N/c2ccc(C)cc2C)c(C)c1,Activity,,,,,,CHEMBL3083176,F,"Toxicity against worker Bombus terrestris (bumblebee) assessed as reduction in reproduction at 400 mg a.i./l, po administered through sugar water for 11 weeks measured once a week for 11 weeks relative to control",CHEMBL3045684,2010
12524280,CHEMBL2367044,Bombus terrestris,CHEMBL1869551,CHLORFENAPYR,CCOCn1c(-c2ccc(Cl)cc2)c(C#N)c(Br)c1C(F)(F)F,Activity,,,,,,CHEMBL3083177,F,"Toxicity against worker Bombus terrestris (bumblebee) assessed as reduction in reproduction at 240 mg a.i./l, po administered through sugar water for 11 weeks measured once a week for 11 weeks relative to control",CHEMBL3045684,2010
12524281,CHEMBL2367044,Bombus terrestris,CHEMBL1881674,ETOXAZOLE,CCOc1cc(C(C)(C)C)ccc1C1COC(c2c(F)cccc2F)=N1,Activity,,,,,,CHEMBL3083178,F,"Toxicity against worker Bombus terrestris (bumblebee) assessed as reduction in reproduction at 55 mg a.i./l, po administered through sugar water for 11 weeks measured once a week for 11 weeks relative to control",CHEMBL3045684,2010
12524282,CHEMBL2367044,Bombus terrestris,CHEMBL1897070,TEBUFENPYRAD,CCc1nn(C)c(C(=O)NCc2ccc(C(C)(C)C)cc2)c1Cl,mortality,=,90.0,%,,,CHEMBL3053462,F,"Toxicity against worker Bombus terrestris (bumblebee) assessed as mortality at 200 mg a.i./l, po administered through pollen for 11 weeks measured everyday for 3 days followed by once a week for 11 weeks",CHEMBL3045684,2010
12524283,CHEMBL2367044,Bombus terrestris,CHEMBL1867780,BROMOPROPYLATE,CC(C)OC(=O)C(O)(c1ccc(Br)cc1)c1ccc(Br)cc1,Activity,,,,,,CHEMBL3083214,F,Contact toxicity against worker Bombus terrestris (bumblebee) assessed as reduction in reproduction at 500 mg a.i./l applied on the dorsal thorax for 11 weeks measured once a week for 11 weeks relative to control,CHEMBL3045684,2010
12524284,CHEMBL2367044,Bombus terrestris,CHEMBL1872845,BIFENAZATE,COc1ccc(-c2ccccc2)cc1NNC(=O)OC(C)C,Activity,,,,,,CHEMBL3083181,F,Contact toxicity against worker Bombus terrestris (bumblebee) assessed as reduction in reproduction at 96 mg a.i./l applied on the dorsal thorax for 11 weeks measured once a week for 11 weeks relative to control,CHEMBL3045684,2010
12524285,CHEMBL2367044,Bombus terrestris,CHEMBL2227838,SPIROMESIFEN,Cc1cc(C)c(C2=C(OC(=O)CC(C)(C)C)C3(CCCC3)OC2=O)c(C)c1,Activity,,,,,,CHEMBL3083180,F,Contact toxicity against worker Bombus terrestris (bumblebee) assessed as reduction in reproduction at 0.8 mg a.i./l applied on the dorsal thorax for 11 weeks measured once a week for 11 weeks relative to control,CHEMBL3045684,2010
12524286,CHEMBL2367044,Bombus terrestris,CHEMBL2227839,SPIRODICLOFEN,CCC(C)(C)C(=O)OC1=C(c2ccc(Cl)cc2Cl)C(=O)OC12CCCCC2,Activity,,,,,,CHEMBL3083181,F,Contact toxicity against worker Bombus terrestris (bumblebee) assessed as reduction in reproduction at 96 mg a.i./l applied on the dorsal thorax for 11 weeks measured once a week for 11 weeks relative to control,CHEMBL3045684,2010
12524287,CHEMBL2367044,Bombus terrestris,CHEMBL1897070,TEBUFENPYRAD,CCc1nn(C)c(C(=O)NCc2ccc(C(C)(C)C)cc2)c1Cl,Activity,,,,,,CHEMBL3083674,F,Contact toxicity against worker Bombus terrestris (bumblebee) assessed as reduction in reproduction at 200 mg a.i./l applied on the dorsal thorax for 11 weeks measured once a week for 11 weeks relative to control,CHEMBL3045684,2010
12524288,CHEMBL2367044,Bombus terrestris,CHEMBL1872845,BIFENAZATE,COc1ccc(-c2ccccc2)cc1NNC(=O)OC(C)C,Activity,,,,,,CHEMBL3083179,F,"Toxicity against worker Bombus terrestris (bumblebee) assessed as reduction in reproduction at 30 mg a.i./l, po administered through sugar water for 11 weeks measured once a week for 11 weeks relative to control",CHEMBL3045684,2010
12524289,CHEMBL2367044,Bombus terrestris,CHEMBL1897070,TEBUFENPYRAD,CCc1nn(C)c(C(=O)NCc2ccc(C(C)(C)C)cc2)c1Cl,Activity,,,,,,CHEMBL3083182,F,Contact toxicity against worker Bombus terrestris (bumblebee) assessed as reduction in reproduction at 100 mg a.i./l applied on the dorsal thorax for 11 weeks measured once a week for 11 weeks relative to control,CHEMBL3045684,2010
12524290,CHEMBL2367044,Bombus terrestris,CHEMBL225963,PYRIDABEN,CC(C)(C)c1ccc(CSc2cnn(C(C)(C)C)c(=O)c2Cl)cc1,Activity,,,,,,CHEMBL3083183,F,Contact toxicity against worker Bombus terrestris (bumblebee) assessed as reduction in reproduction at 75 mg a.i./l applied on the dorsal thorax for 11 weeks measured once a week for 11 weeks relative to control,CHEMBL3045684,2010
12524291,CHEMBL2367044,Bombus terrestris,CHEMBL365100,FENPYROXYMATE,Cc1nn(C)c(Oc2ccccc2)c1/C=N/OCc1ccc(C(=O)OC(C)(C)C)cc1,Activity,,,,,,CHEMBL3083673,F,Contact toxicity against worker Bombus terrestris (bumblebee) assessed as reduction in reproduction at 50 mg a.i./l applied on the dorsal thorax for 11 weeks measured once a week for 11 weeks relative to control,CHEMBL3045684,2010
12524292,CHEMBL2367044,Bombus terrestris,CHEMBL243282,FENAZAQUIN,CC(C)(C)c1ccc(CCOc2ncnc3ccccc23)cc1,Activity,,,,,,CHEMBL3083674,F,Contact toxicity against worker Bombus terrestris (bumblebee) assessed as reduction in reproduction at 200 mg a.i./l applied on the dorsal thorax for 11 weeks measured once a week for 11 weeks relative to control,CHEMBL3045684,2010
12524293,CHEMBL2367044,Bombus terrestris,CHEMBL1869353,ACEQUINOCYL,CCCCCCCCCCCCC1=C(OC(C)=O)C(=O)c2ccccc2C1=O,Activity,,,,,,CHEMBL3083682,F,Contact toxicity against worker Bombus terrestris (bumblebee) assessed as reduction in reproduction at 150 mg a.i./l applied on the dorsal thorax for 11 weeks measured once a week for 11 weeks relative to control,CHEMBL3045684,2010
12524294,CHEMBL2367044,Bombus terrestris,CHEMBL1365675,AMITRAZ,Cc1ccc(/N=C/N(C)/C=N/c2ccc(C)cc2C)c(C)c1,Activity,,,,,,CHEMBL3083675,F,Contact toxicity against worker Bombus terrestris (bumblebee) assessed as reduction in reproduction at 400 mg a.i./l applied on the dorsal thorax for 11 weeks measured once a week for 11 weeks relative to control,CHEMBL3045684,2010
12524295,CHEMBL2367044,Bombus terrestris,CHEMBL226430,FLUCYCLOXURON,O=C(NC(=O)c1c(F)cccc1F)Nc1ccc(CO/N=C(/c2ccc(Cl)cc2)C2CC2)cc1,Activity,,,,,,CHEMBL3083676,F,Contact toxicity against worker Bombus terrestris (bumblebee) assessed as reduction in reproduction at 125 mg a.i./l applied on the dorsal thorax for 11 weeks measured once a week for 11 weeks relative to control,CHEMBL3045684,2010
12524296,CHEMBL2367044,Bombus terrestris,CHEMBL1869551,CHLORFENAPYR,CCOCn1c(-c2ccc(Cl)cc2)c(C#N)c(Br)c1C(F)(F)F,Activity,,,,,,CHEMBL3083677,F,Contact toxicity against worker Bombus terrestris (bumblebee) assessed as reduction in reproduction at 240 mg a.i./l applied on the dorsal thorax for 11 weeks measured once a week for 11 weeks relative to control,CHEMBL3045684,2010
12524297,CHEMBL2367044,Bombus terrestris,CHEMBL1472895,FENBUTATIN OXIDE,,Activity,,,,,,CHEMBL3083678,F,Contact toxicity against worker Bombus terrestris (bumblebee) assessed as reduction in reproduction at 275 mg a.i./l applied on the dorsal thorax for 11 weeks measured once a week for 11 weeks relative to control,CHEMBL3045684,2010
12524298,CHEMBL2367044,Bombus terrestris,CHEMBL1358709,AZOCYCLOTIN,,Activity,,,,,,CHEMBL3083679,F,Contact toxicity against worker Bombus terrestris (bumblebee) assessed as reduction in reproduction at 750 mg a.i./l applied on the dorsal thorax for 11 weeks measured once a week for 11 weeks relative to control,CHEMBL3045684,2010
12524299,CHEMBL2367044,Bombus terrestris,CHEMBL1881674,ETOXAZOLE,CCOc1cc(C(C)(C)C)ccc1C1COC(c2c(F)cccc2F)=N1,Activity,,,,,,CHEMBL3083680,F,Contact toxicity against worker Bombus terrestris (bumblebee) assessed as reduction in reproduction at 55 mg a.i./l applied on the dorsal thorax for 11 weeks measured once a week for 11 weeks relative to control,CHEMBL3045684,2010
12524300,CHEMBL2367044,Bombus terrestris,CHEMBL1079786,HEXYTHIAZOX,C[C@@H]1[C@@H](c2ccc(Cl)cc2)SC(=O)N1C(=O)NC1CCCCC1,Activity,,,,,,CHEMBL3083681,F,Contact toxicity against worker Bombus terrestris (bumblebee) assessed as reduction in reproduction at 3 mg a.i./l applied on the dorsal thorax for 11 weeks measured once a week for 11 weeks relative to control,CHEMBL3045684,2010
12524301,CHEMBL2367044,Bombus terrestris,CHEMBL17888,CLOFENTEZINE,Clc1ccccc1-c1nnc(-c2ccccc2Cl)nn1,Activity,,,,,,CHEMBL3083682,F,Contact toxicity against worker Bombus terrestris (bumblebee) assessed as reduction in reproduction at 150 mg a.i./l applied on the dorsal thorax for 11 weeks measured once a week for 11 weeks relative to control,CHEMBL3045684,2010
12524302,CHEMBL2367044,Bombus terrestris,CHEMBL499030,MILBEMECTIN,C/C1=C\C[C@@H]2C[C@@H](C[C@]3(CC[C@H](C)[C@@H](C)O3)O2)OC(=O)[C@@H]2CC[C@@H](O)[C@H]3OC/C(=C\C=C\[C@H](C)C1)[C@]32O,Activity,,,,,,CHEMBL3083683,F,Contact toxicity against worker Bombus terrestris (bumblebee) assessed as reduction in reproduction at 10 mg a.i./l applied on the dorsal thorax for 11 weeks measured once a week for 11 weeks relative to control,CHEMBL3045684,2010
12524303,CHEMBL2367044,Bombus terrestris,CHEMBL3215298,ABAMECTIN,CC[C@H](C)[C@H]1O[C@]2(C=C[C@@H]1C)C[C@@H]1C[C@@H](C/C=C(\C)[C@@H](O[C@H]3C[C@H](OC)[C@@H](O[C@H]4C[C@H](OC)[C@@H](O)[C@H](C)O4)[C@H](C)O3)[C@@H](C)/C=C/C=C3\CO[C@@H]4[C@H](O)C(C)=C[C@@H](C(=O)O1)[C@]34O)O2.CO[C@H]1C[C@H](O[C@H]2[C@H](C)O[C@@H](O[C@@H]3/C(C)=C/C[C@@H]4C[C@@H](C[C@]5(C=C[C@H](C)[C@@H](C(C)C)O5)O4)OC(=O)[C@@H]4C=C(C)[C@@H](O)[C@H]5OC/C(=C\C=C\[C@@H]3C)[C@]54O)C[C@@H]2OC)O[C@@H](C)[C@@H]1O,Activity,,,,,,CHEMBL3083684,F,Contact toxicity against worker Bombus terrestris (bumblebee) assessed as reduction in reproduction at 18 mg a.i./l applied on the dorsal thorax for 11 weeks measured once a week for 11 weeks relative to control,CHEMBL3045684,2010
12524304,CHEMBL2367044,Bombus terrestris,CHEMBL2227975,BIFENTHRIN,Cc1c(COC(=O)[C@@H]2[C@H](/C=C(\Cl)C(F)(F)F)C2(C)C)cccc1-c1ccccc1,Activity,,,,,,CHEMBL3083685,F,Contact toxicity against worker Bombus terrestris (bumblebee) assessed as reduction in reproduction at 30 mg a.i./l applied on the dorsal thorax for 11 weeks measured once a week for 11 weeks relative to control,CHEMBL3045684,2010
12524305,CHEMBL2367044,Bombus terrestris,CHEMBL1355965,DIENOCHLOR,ClC1=C(Cl)C(Cl)(C2(Cl)C(Cl)=C(Cl)C(Cl)=C2Cl)C(Cl)=C1Cl,Activity,,,,,,CHEMBL3083214,F,Contact toxicity against worker Bombus terrestris (bumblebee) assessed as reduction in reproduction at 500 mg a.i./l applied on the dorsal thorax for 11 weeks measured once a week for 11 weeks relative to control,CHEMBL3045684,2010
12524306,CHEMBL2367044,Bombus terrestris,CHEMBL3215298,ABAMECTIN,CC[C@H](C)[C@H]1O[C@]2(C=C[C@@H]1C)C[C@@H]1C[C@@H](C/C=C(\C)[C@@H](O[C@H]3C[C@H](OC)[C@@H](O[C@H]4C[C@H](OC)[C@@H](O)[C@H](C)O4)[C@H](C)O3)[C@@H](C)/C=C/C=C3\CO[C@@H]4[C@H](O)C(C)=C[C@@H](C(=O)O1)[C@]34O)O2.CO[C@H]1C[C@H](O[C@H]2[C@H](C)O[C@@H](O[C@@H]3/C(C)=C/C[C@@H]4C[C@@H](C[C@]5(C=C[C@H](C)[C@@H](C(C)C)O5)O4)OC(=O)[C@@H]4C=C(C)[C@@H](O)[C@H]5OC/C(=C\C=C\[C@@H]3C)[C@]54O)C[C@@H]2OC)O[C@@H](C)[C@@H]1O,mortality,=,60.0,%,,,CHEMBL3083215,F,"Toxicity against worker Bombus terrestris (bumblebee) assessed as mortality at 18 mg a.i./l, po administered through pollen measured after 7 weeks",CHEMBL3045684,2010
12524307,CHEMBL2367044,Bombus terrestris,CHEMBL3215298,ABAMECTIN,CC[C@H](C)[C@H]1O[C@]2(C=C[C@@H]1C)C[C@@H]1C[C@@H](C/C=C(\C)[C@@H](O[C@H]3C[C@H](OC)[C@@H](O[C@H]4C[C@H](OC)[C@@H](O)[C@H](C)O4)[C@H](C)O3)[C@@H](C)/C=C/C=C3\CO[C@@H]4[C@H](O)C(C)=C[C@@H](C(=O)O1)[C@]34O)O2.CO[C@H]1C[C@H](O[C@H]2[C@H](C)O[C@@H](O[C@@H]3/C(C)=C/C[C@@H]4C[C@@H](C[C@]5(C=C[C@H](C)[C@@H](C(C)C)O5)O4)OC(=O)[C@@H]4C=C(C)[C@@H](O)[C@H]5OC/C(=C\C=C\[C@@H]3C)[C@]54O)C[C@@H]2OC)O[C@@H](C)[C@@H]1O,mortality,=,40.0,%,,,CHEMBL3083216,F,"Toxicity against worker Bombus terrestris (bumblebee) assessed as mortality at 18 mg a.i./l, po administered through pollen measured after 3 weeks",CHEMBL3045684,2010
12524308,CHEMBL2367044,Bombus terrestris,CHEMBL2227975,BIFENTHRIN,Cc1c(COC(=O)[C@@H]2[C@H](/C=C(\Cl)C(F)(F)F)C2(C)C)cccc1-c1ccccc1,mortality,=,100.0,%,,,CHEMBL3083218,F,"Toxicity against worker Bombus terrestris (bumblebee) assessed as mortality at 30 mg a.i./l, po administered through pollen measured after 7 weeks",CHEMBL3045684,2010
12526690,CHEMBL2367044,Bombus terrestris,CHEMBL1869551,CHLORFENAPYR,CCOCn1c(-c2ccc(Cl)cc2)c(C#N)c(Br)c1C(F)(F)F,mortality,=,90.0,%,,,CHEMBL3083217,F,"Toxicity against worker Bombus terrestris (bumblebee) assessed as mortality at 240 mg a.i./l, po administered through pollen measured after 8 weeks",CHEMBL3045684,2010
12526691,CHEMBL2367044,Bombus terrestris,CHEMBL1869551,CHLORFENAPYR,CCOCn1c(-c2ccc(Cl)cc2)c(C#N)c(Br)c1C(F)(F)F,mortality,=,50.0,%,,,CHEMBL3083702,F,"Toxicity against worker Bombus terrestris (bumblebee) assessed as mortality at 240 mg a.i./l, po administered through pollen measured after 5 weeks",CHEMBL3045684,2010
12526692,CHEMBL2367044,Bombus terrestris,CHEMBL1867780,BROMOPROPYLATE,CC(C)OC(=O)C(O)(c1ccc(Br)cc1)c1ccc(Br)cc1,Activity,,,,,,CHEMBL3053902,F,"Toxicity against worker Bombus terrestris (bumblebee) assessed as mortality at 500 mg a.i./l, po administered through pollen for 11 weeks measured everyday for 3 days followed by once a week for 11 weeks",CHEMBL3045684,2010
12526693,CHEMBL2367044,Bombus terrestris,CHEMBL1872845,BIFENAZATE,COc1ccc(-c2ccccc2)cc1NNC(=O)OC(C)C,Activity,,,,,,CHEMBL3083662,F,"Toxicity against worker Bombus terrestris (bumblebee) assessed as mortality at 96 mg a.i./l, po administered through pollen for 11 weeks measured everyday for 3 days followed by once a week for 11 weeks",CHEMBL3045684,2010
12526694,CHEMBL2367044,Bombus terrestris,CHEMBL2227838,SPIROMESIFEN,Cc1cc(C)c(C2=C(OC(=O)CC(C)(C)C)C3(CCCC3)OC2=O)c(C)c1,Activity,,,,,,CHEMBL3083703,F,"Toxicity against worker Bombus terrestris (bumblebee) assessed as mortality at 0.8 mg a.i./l, po administered through pollen for 11 weeks measured everyday for 3 days followed by once a week for 11 weeks",CHEMBL3045684,2010
12526695,CHEMBL2367044,Bombus terrestris,CHEMBL2227839,SPIRODICLOFEN,CCC(C)(C)C(=O)OC1=C(c2ccc(Cl)cc2Cl)C(=O)OC12CCCCC2,Activity,,,,,,CHEMBL3083662,F,"Toxicity against worker Bombus terrestris (bumblebee) assessed as mortality at 96 mg a.i./l, po administered through pollen for 11 weeks measured everyday for 3 days followed by once a week for 11 weeks",CHEMBL3045684,2010
12526696,CHEMBL2367044,Bombus terrestris,CHEMBL1897070,TEBUFENPYRAD,CCc1nn(C)c(C(=O)NCc2ccc(C(C)(C)C)cc2)c1Cl,Activity,,,,,,CHEMBL3083683,F,Contact toxicity against worker Bombus terrestris (bumblebee) assessed as reduction in reproduction at 10 mg a.i./l applied on the dorsal thorax for 11 weeks measured once a week for 11 weeks relative to control,CHEMBL3045684,2010
12526697,CHEMBL2367044,Bombus terrestris,CHEMBL1897070,TEBUFENPYRAD,CCc1nn(C)c(C(=O)NCc2ccc(C(C)(C)C)cc2)c1Cl,Activity,,,,,,CHEMBL3053899,F,"Toxicity against worker Bombus terrestris (bumblebee) assessed as mortality at 10 mg a.i./l, po administered through pollen for 11 weeks measured everyday for 3 days followed by once a week for 11 weeks",CHEMBL3045684,2010
12526698,CHEMBL2367044,Bombus terrestris,CHEMBL1897070,TEBUFENPYRAD,CCc1nn(C)c(C(=O)NCc2ccc(C(C)(C)C)cc2)c1Cl,mortality,=,90.0,%,,,CHEMBL3083663,F,"Toxicity against worker Bombus terrestris (bumblebee) assessed as mortality at 100 mg a.i./l, po administered through pollen for 11 weeks measured everyday for 3 days followed by once a week for 11 weeks",CHEMBL3045684,2010
12526699,CHEMBL2367044,Bombus terrestris,CHEMBL225963,PYRIDABEN,CC(C)(C)c1ccc(CSc2cnn(C(C)(C)C)c(=O)c2Cl)cc1,mortality,=,90.0,%,,,CHEMBL3083664,F,"Toxicity against worker Bombus terrestris (bumblebee) assessed as mortality at 75 mg a.i./l, po administered through pollen for 11 weeks measured everyday for 3 days followed by once a week for 11 weeks",CHEMBL3045684,2010
12526700,CHEMBL2367044,Bombus terrestris,CHEMBL365100,FENPYROXYMATE,Cc1nn(C)c(Oc2ccccc2)c1/C=N/OCc1ccc(C(=O)OC(C)(C)C)cc1,Activity,,,,,,CHEMBL3083665,F,"Toxicity against worker Bombus terrestris (bumblebee) assessed as mortality at 50 mg a.i./l, po administered through pollen for 11 weeks measured everyday for 3 days followed by once a week for 11 weeks",CHEMBL3045684,2010
12526701,CHEMBL2367044,Bombus terrestris,CHEMBL243282,FENAZAQUIN,CC(C)(C)c1ccc(CCOc2ncnc3ccccc23)cc1,mortality,=,90.0,%,,,CHEMBL3053462,F,"Toxicity against worker Bombus terrestris (bumblebee) assessed as mortality at 200 mg a.i./l, po administered through pollen for 11 weeks measured everyday for 3 days followed by once a week for 11 weeks",CHEMBL3045684,2010
12526702,CHEMBL2367044,Bombus terrestris,CHEMBL1869353,ACEQUINOCYL,CCCCCCCCCCCCC1=C(OC(C)=O)C(=O)c2ccccc2C1=O,Activity,,,,,,CHEMBL3053898,F,"Toxicity against worker Bombus terrestris (bumblebee) assessed as mortality at 150 mg a.i./l, po administered through pollen for 11 weeks measured everyday for 3 days followed by once a week for 11 weeks",CHEMBL3045684,2010
12526703,CHEMBL2367044,Bombus terrestris,CHEMBL1365675,AMITRAZ,Cc1ccc(/N=C/N(C)/C=N/c2ccc(C)cc2C)c(C)c1,mortality,=,90.0,%,,,CHEMBL3053463,F,"Toxicity against worker Bombus terrestris (bumblebee) assessed as mortality at 400 mg a.i./l, po administered through pollen for 11 weeks measured everyday for 3 days followed by once a week for 11 weeks",CHEMBL3045684,2010
12526704,CHEMBL2367044,Bombus terrestris,CHEMBL226430,FLUCYCLOXURON,O=C(NC(=O)c1c(F)cccc1F)Nc1ccc(CO/N=C(/c2ccc(Cl)cc2)C2CC2)cc1,Activity,,,,,,CHEMBL3053464,F,"Toxicity against worker Bombus terrestris (bumblebee) assessed as mortality at 125 mg a.i./l, po administered through pollen for 11 weeks measured everyday for 3 days followed by once a week for 11 weeks",CHEMBL3045684,2010
12526705,CHEMBL2367044,Bombus terrestris,CHEMBL1869551,CHLORFENAPYR,CCOCn1c(-c2ccc(Cl)cc2)c(C#N)c(Br)c1C(F)(F)F,mortality,=,90.0,%,,,CHEMBL3053402,F,"Toxicity against worker Bombus terrestris (bumblebee) assessed as mortality at 240 mg a.i./l, po administered through pollen for 11 weeks measured everyday for 3 days followed by once a week for 11 weeks",CHEMBL3045684,2010
12526706,CHEMBL2367044,Bombus terrestris,CHEMBL1472895,FENBUTATIN OXIDE,,Activity,,,,,,CHEMBL3053465,F,"Toxicity against worker Bombus terrestris (bumblebee) assessed as mortality at 275 mg a.i./l, po administered through pollen for 11 weeks measured everyday for 3 days followed by once a week for 11 weeks",CHEMBL3045684,2010
12526707,CHEMBL2367044,Bombus terrestris,CHEMBL1358709,AZOCYCLOTIN,,mortality,=,90.0,%,,,CHEMBL3053403,F,"Toxicity against worker Bombus terrestris (bumblebee) assessed as mortality at 750 mg a.i./l, po administered through pollen for 11 weeks measured everyday for 3 days followed by once a week for 11 weeks",CHEMBL3045684,2010
12526708,CHEMBL2367044,Bombus terrestris,CHEMBL1881674,ETOXAZOLE,CCOc1cc(C(C)(C)C)ccc1C1COC(c2c(F)cccc2F)=N1,Activity,,,,,,CHEMBL3053404,F,"Toxicity against worker Bombus terrestris (bumblebee) assessed as mortality at 55 mg a.i./l, po administered through pollen for 11 weeks measured everyday for 3 days followed by once a week for 11 weeks",CHEMBL3045684,2010
12526709,CHEMBL2367044,Bombus terrestris,CHEMBL1079786,HEXYTHIAZOX,C[C@@H]1[C@@H](c2ccc(Cl)cc2)SC(=O)N1C(=O)NC1CCCCC1,mortality,=,90.0,%,,,CHEMBL3053897,F,"Toxicity against worker Bombus terrestris (bumblebee) assessed as mortality at 3 mg a.i./l, po administered through pollen for 11 weeks measured everyday for 3 days followed by once a week for 11 weeks",CHEMBL3045684,2010
12526710,CHEMBL2367044,Bombus terrestris,CHEMBL17888,CLOFENTEZINE,Clc1ccccc1-c1nnc(-c2ccccc2Cl)nn1,Activity,,,,,,CHEMBL3053898,F,"Toxicity against worker Bombus terrestris (bumblebee) assessed as mortality at 150 mg a.i./l, po administered through pollen for 11 weeks measured everyday for 3 days followed by once a week for 11 weeks",CHEMBL3045684,2010
12526711,CHEMBL2367044,Bombus terrestris,CHEMBL499030,MILBEMECTIN,C/C1=C\C[C@@H]2C[C@@H](C[C@]3(CC[C@H](C)[C@@H](C)O3)O2)OC(=O)[C@@H]2CC[C@@H](O)[C@H]3OC/C(=C\C=C\[C@H](C)C1)[C@]32O,Activity,,,,,,CHEMBL3053899,F,"Toxicity against worker Bombus terrestris (bumblebee) assessed as mortality at 10 mg a.i./l, po administered through pollen for 11 weeks measured everyday for 3 days followed by once a week for 11 weeks",CHEMBL3045684,2010
12526712,CHEMBL2367044,Bombus terrestris,CHEMBL3215298,ABAMECTIN,CC[C@H](C)[C@H]1O[C@]2(C=C[C@@H]1C)C[C@@H]1C[C@@H](C/C=C(\C)[C@@H](O[C@H]3C[C@H](OC)[C@@H](O[C@H]4C[C@H](OC)[C@@H](O)[C@H](C)O4)[C@H](C)O3)[C@@H](C)/C=C/C=C3\CO[C@@H]4[C@H](O)C(C)=C[C@@H](C(=O)O1)[C@]34O)O2.CO[C@H]1C[C@H](O[C@H]2[C@H](C)O[C@@H](O[C@@H]3/C(C)=C/C[C@@H]4C[C@@H](C[C@]5(C=C[C@H](C)[C@@H](C(C)C)O5)O4)OC(=O)[C@@H]4C=C(C)[C@@H](O)[C@H]5OC/C(=C\C=C\[C@@H]3C)[C@]54O)C[C@@H]2OC)O[C@@H](C)[C@@H]1O,mortality,=,90.0,%,,,CHEMBL3053900,F,"Toxicity against worker Bombus terrestris (bumblebee) assessed as mortality at 18 mg a.i./l, po administered through pollen for 11 weeks measured everyday for 3 days followed by once a week for 11 weeks",CHEMBL3045684,2010
12526713,CHEMBL2367044,Bombus terrestris,CHEMBL1897070,TEBUFENPYRAD,CCc1nn(C)c(C(=O)NCc2ccc(C(C)(C)C)cc2)c1Cl,mortality,=,50.0,%,,,CHEMBL3079992,F,"Toxicity against worker Bombus terrestris (bumblebee) assessed as mortality at 100 mg a.i./l, po administered through sugar water for 11 weeks measured everyday for 3 days followed by once a week for 11 weeks",CHEMBL3045684,2010
12526714,CHEMBL2367044,Bombus terrestris,CHEMBL1355965,DIENOCHLOR,ClC1=C(Cl)C(Cl)(C2(Cl)C(Cl)=C(Cl)C(Cl)=C2Cl)C(Cl)=C1Cl,Activity,,,,,,CHEMBL3053902,F,"Toxicity against worker Bombus terrestris (bumblebee) assessed as mortality at 500 mg a.i./l, po administered through pollen for 11 weeks measured everyday for 3 days followed by once a week for 11 weeks",CHEMBL3045684,2010
12526715,CHEMBL2367044,Bombus terrestris,CHEMBL3215298,ABAMECTIN,CC[C@H](C)[C@H]1O[C@]2(C=C[C@@H]1C)C[C@@H]1C[C@@H](C/C=C(\C)[C@@H](O[C@H]3C[C@H](OC)[C@@H](O[C@H]4C[C@H](OC)[C@@H](O)[C@H](C)O4)[C@H](C)O3)[C@@H](C)/C=C/C=C3\CO[C@@H]4[C@H](O)C(C)=C[C@@H](C(=O)O1)[C@]34O)O2.CO[C@H]1C[C@H](O[C@H]2[C@H](C)O[C@@H](O[C@@H]3/C(C)=C/C[C@@H]4C[C@@H](C[C@]5(C=C[C@H](C)[C@@H](C(C)C)O5)O4)OC(=O)[C@@H]4C=C(C)[C@@H](O)[C@H]5OC/C(=C\C=C\[C@@H]3C)[C@]54O)C[C@@H]2OC)O[C@@H](C)[C@@H]1O,mortality,=,100.0,%,,,CHEMBL3053421,F,"Toxicity against worker Bombus terrestris (bumblebee) assessed as mortality at 18 mg a.i./l, po administered through sugar water measured after 11 weeks",CHEMBL3045684,2010
12526716,CHEMBL2367044,Bombus terrestris,CHEMBL3215298,ABAMECTIN,CC[C@H](C)[C@H]1O[C@]2(C=C[C@@H]1C)C[C@@H]1C[C@@H](C/C=C(\C)[C@@H](O[C@H]3C[C@H](OC)[C@@H](O[C@H]4C[C@H](OC)[C@@H](O)[C@H](C)O4)[C@H](C)O3)[C@@H](C)/C=C/C=C3\CO[C@@H]4[C@H](O)C(C)=C[C@@H](C(=O)O1)[C@]34O)O2.CO[C@H]1C[C@H](O[C@H]2[C@H](C)O[C@@H](O[C@@H]3/C(C)=C/C[C@@H]4C[C@@H](C[C@]5(C=C[C@H](C)[C@@H](C(C)C)O5)O4)OC(=O)[C@@H]4C=C(C)[C@@H](O)[C@H]5OC/C(=C\C=C\[C@@H]3C)[C@]54O)C[C@@H]2OC)O[C@@H](C)[C@@H]1O,mortality,=,80.0,%,,,CHEMBL3053903,F,"Toxicity against worker Bombus terrestris (bumblebee) assessed as mortality at 18 mg a.i./l, po administered through sugar water measured after 9 weeks",CHEMBL3045684,2010
12526717,CHEMBL2367044,Bombus terrestris,CHEMBL3215298,ABAMECTIN,CC[C@H](C)[C@H]1O[C@]2(C=C[C@@H]1C)C[C@@H]1C[C@@H](C/C=C(\C)[C@@H](O[C@H]3C[C@H](OC)[C@@H](O[C@H]4C[C@H](OC)[C@@H](O)[C@H](C)O4)[C@H](C)O3)[C@@H](C)/C=C/C=C3\CO[C@@H]4[C@H](O)C(C)=C[C@@H](C(=O)O1)[C@]34O)O2.CO[C@H]1C[C@H](O[C@H]2[C@H](C)O[C@@H](O[C@@H]3/C(C)=C/C[C@@H]4C[C@@H](C[C@]5(C=C[C@H](C)[C@@H](C(C)C)O5)O4)OC(=O)[C@@H]4C=C(C)[C@@H](O)[C@H]5OC/C(=C\C=C\[C@@H]3C)[C@]54O)C[C@@H]2OC)O[C@@H](C)[C@@H]1O,mortality,=,40.0,%,,,CHEMBL3053422,F,"Toxicity against worker Bombus terrestris (bumblebee) assessed as mortality at 18 mg a.i./l, po administered through sugar water measured after 7 weeks",CHEMBL3045684,2010
12526718,CHEMBL2367044,Bombus terrestris,CHEMBL3215298,ABAMECTIN,CC[C@H](C)[C@H]1O[C@]2(C=C[C@@H]1C)C[C@@H]1C[C@@H](C/C=C(\C)[C@@H](O[C@H]3C[C@H](OC)[C@@H](O[C@H]4C[C@H](OC)[C@@H](O)[C@H](C)O4)[C@H](C)O3)[C@@H](C)/C=C/C=C3\CO[C@@H]4[C@H](O)C(C)=C[C@@H](C(=O)O1)[C@]34O)O2.CO[C@H]1C[C@H](O[C@H]2[C@H](C)O[C@@H](O[C@@H]3/C(C)=C/C[C@@H]4C[C@@H](C[C@]5(C=C[C@H](C)[C@@H](C(C)C)O5)O4)OC(=O)[C@@H]4C=C(C)[C@@H](O)[C@H]5OC/C(=C\C=C\[C@@H]3C)[C@]54O)C[C@@H]2OC)O[C@@H](C)[C@@H]1O,mortality,=,20.0,%,,,CHEMBL3053423,F,"Toxicity against worker Bombus terrestris (bumblebee) assessed as mortality at 18 mg a.i./l, po administered through sugar water measured after 1 week",CHEMBL3045684,2010
12526719,CHEMBL2367044,Bombus terrestris,CHEMBL1881674,ETOXAZOLE,CCOc1cc(C(C)(C)C)ccc1C1COC(c2c(F)cccc2F)=N1,Activity,,,,,,CHEMBL3053424,F,"Toxicity against worker Bombus terrestris (bumblebee) assessed as mortality at 55 mg a.i./l, po administered through sugar water measured after 9 to 11 weeks",CHEMBL3045684,2010
12526720,CHEMBL2367044,Bombus terrestris,CHEMBL225963,PYRIDABEN,CC(C)(C)c1ccc(CSc2cnn(C(C)(C)C)c(=O)c2Cl)cc1,Activity,,,,,,CHEMBL3053426,F,"Toxicity against worker Bombus terrestris (bumblebee) assessed as mortality at 75 mg a.i./l, po administered through sugar water measured after 9 to 11 weeks",CHEMBL3045684,2010
12526721,CHEMBL2367044,Bombus terrestris,CHEMBL365100,FENPYROXYMATE,Cc1nn(C)c(Oc2ccccc2)c1/C=N/OCc1ccc(C(=O)OC(C)(C)C)cc1,Activity,,,,,,CHEMBL3053425,F,"Toxicity against worker Bombus terrestris (bumblebee) assessed as mortality at 50 mg a.i./l, po administered through sugar water measured after 4 to 6 weeks",CHEMBL3045684,2010
12526722,CHEMBL2367044,Bombus terrestris,CHEMBL1869551,CHLORFENAPYR,CCOCn1c(-c2ccc(Cl)cc2)c(C#N)c(Br)c1C(F)(F)F,Activity,,,,,,CHEMBL3053427,F,"Toxicity against worker Bombus terrestris (bumblebee) assessed as mortality at 240 mg a.i./l, po administered through sugar water measured up to 1 week",CHEMBL3045684,2010
12526723,CHEMBL2367044,Bombus terrestris,CHEMBL1872845,BIFENAZATE,COc1ccc(-c2ccccc2)cc1NNC(=O)OC(C)C,Activity,,,,,,CHEMBL3053428,F,"Toxicity against worker Bombus terrestris (bumblebee) assessed as mortality at 96 mg a.i./l, po administered through sugar water measured up to 1 week",CHEMBL3045684,2010
12526724,CHEMBL2367044,Bombus terrestris,CHEMBL1365675,AMITRAZ,Cc1ccc(/N=C/N(C)/C=N/c2ccc(C)cc2C)c(C)c1,Activity,,,,,,CHEMBL3053429,F,"Toxicity against worker Bombus terrestris (bumblebee) assessed as mortality at 400 mg a.i./l, po administered through sugar water measured up to 1 week",CHEMBL3045684,2010
12526725,CHEMBL2367044,Bombus terrestris,CHEMBL1872845,BIFENAZATE,COc1ccc(-c2ccccc2)cc1NNC(=O)OC(C)C,mortality,=,95.0,%,,,CHEMBL3053851,F,"Toxicity against worker Bombus terrestris (bumblebee) assessed as mortality at 96 mg a.i./l, po administered through sugar water for 11 weeks measured everyday for 3 days followed by once a week for 11 weeks",CHEMBL3045684,2010
12526726,CHEMBL2367044,Bombus terrestris,CHEMBL225963,PYRIDABEN,CC(C)(C)c1ccc(CSc2cnn(C(C)(C)C)c(=O)c2Cl)cc1,mortality,=,95.0,%,,,CHEMBL3053430,F,"Toxicity against worker Bombus terrestris (bumblebee) assessed as mortality at 75 mg a.i./l, po administered through sugar water for 11 weeks measured everyday for 3 days followed by once a week for 11 weeks",CHEMBL3045684,2010
12526727,CHEMBL2367044,Bombus terrestris,CHEMBL365100,FENPYROXYMATE,Cc1nn(C)c(Oc2ccccc2)c1/C=N/OCc1ccc(C(=O)OC(C)(C)C)cc1,mortality,=,95.0,%,,,CHEMBL3053431,F,"Toxicity against worker Bombus terrestris (bumblebee) assessed as mortality at 50 mg a.i./l, po administered through sugar water for 11 weeks measured everyday for 3 days followed by once a week for 11 weeks",CHEMBL3045684,2010
12526728,CHEMBL2367044,Bombus terrestris,CHEMBL1365675,AMITRAZ,Cc1ccc(/N=C/N(C)/C=N/c2ccc(C)cc2C)c(C)c1,mortality,=,95.0,%,,,CHEMBL3053432,F,"Toxicity against worker Bombus terrestris (bumblebee) assessed as mortality at 400 mg a.i./l, po administered through sugar water for 11 weeks measured everyday for 3 days followed by once a week for 11 weeks",CHEMBL3045684,2010
12526729,CHEMBL2367044,Bombus terrestris,CHEMBL1869551,CHLORFENAPYR,CCOCn1c(-c2ccc(Cl)cc2)c(C#N)c(Br)c1C(F)(F)F,mortality,=,95.0,%,,,CHEMBL3053433,F,"Toxicity against worker Bombus terrestris (bumblebee) assessed as mortality at 240 mg a.i./l, po administered through sugar water for 11 weeks measured everyday for 3 days followed by once a week for 11 weeks",CHEMBL3045684,2010
12526730,CHEMBL2367044,Bombus terrestris,CHEMBL1881674,ETOXAZOLE,CCOc1cc(C(C)(C)C)ccc1C1COC(c2c(F)cccc2F)=N1,mortality,=,95.0,%,,,CHEMBL3053434,F,"Toxicity against worker Bombus terrestris (bumblebee) assessed as mortality at 55 mg a.i./l, po administered through sugar water for 11 weeks measured everyday for 3 days followed by once a week for 11 weeks",CHEMBL3045684,2010
12526731,CHEMBL2367044,Bombus terrestris,CHEMBL3215298,ABAMECTIN,CC[C@H](C)[C@H]1O[C@]2(C=C[C@@H]1C)C[C@@H]1C[C@@H](C/C=C(\C)[C@@H](O[C@H]3C[C@H](OC)[C@@H](O[C@H]4C[C@H](OC)[C@@H](O)[C@H](C)O4)[C@H](C)O3)[C@@H](C)/C=C/C=C3\CO[C@@H]4[C@H](O)C(C)=C[C@@H](C(=O)O1)[C@]34O)O2.CO[C@H]1C[C@H](O[C@H]2[C@H](C)O[C@@H](O[C@@H]3/C(C)=C/C[C@@H]4C[C@@H](C[C@]5(C=C[C@H](C)[C@@H](C(C)C)O5)O4)OC(=O)[C@@H]4C=C(C)[C@@H](O)[C@H]5OC/C(=C\C=C\[C@@H]3C)[C@]54O)C[C@@H]2OC)O[C@@H](C)[C@@H]1O,mortality,=,95.0,%,,,CHEMBL3053923,F,"Toxicity against worker Bombus terrestris (bumblebee) assessed as mortality at 18 mg a.i./l, po administered through sugar water for 11 weeks measured everyday for 3 days followed by once a week for 11 weeks",CHEMBL3045684,2010
12526732,CHEMBL2367044,Bombus terrestris,CHEMBL1355965,DIENOCHLOR,ClC1=C(Cl)C(Cl)(C2(Cl)C(Cl)=C(Cl)C(Cl)=C2Cl)C(Cl)=C1Cl,mortality,=,85.0,%,,,CHEMBL3053849,F,"Toxicity against worker Bombus terrestris (bumblebee) assessed as mortality at 500 mg a.i./l, po administered through sugar water for 11 weeks measured everyday for 3 days followed by once a week for 11 weeks",CHEMBL3045684,2010
12526733,CHEMBL2367044,Bombus terrestris,CHEMBL17888,CLOFENTEZINE,Clc1ccccc1-c1nnc(-c2ccccc2Cl)nn1,mortality,=,50.0,%,,,CHEMBL3053852,F,"Toxicity against worker Bombus terrestris (bumblebee) assessed as mortality at 150 mg a.i./l, po administered through sugar water for 11 weeks measured everyday for 3 days followed by once a week for 11 weeks",CHEMBL3045684,2010
12526734,CHEMBL2367044,Bombus terrestris,CHEMBL2227975,BIFENTHRIN,Cc1c(COC(=O)[C@@H]2[C@H](/C=C(\Cl)C(F)(F)F)C2(C)C)cccc1-c1ccccc1,mortality,=,50.0,%,,,CHEMBL3053925,F,"Toxicity against worker Bombus terrestris (bumblebee) assessed as mortality at 30 mg a.i./l, po administered through sugar water for 11 weeks measured everyday for 3 days followed by once a week for 11 weeks",CHEMBL3045684,2010
12526735,CHEMBL2367044,Bombus terrestris,CHEMBL1897070,TEBUFENPYRAD,CCc1nn(C)c(C(=O)NCc2ccc(C(C)(C)C)cc2)c1Cl,mortality,=,50.0,%,,,CHEMBL3053926,F,"Toxicity against worker Bombus terrestris (bumblebee) assessed as mortality at 200 mg a.i./l, po administered through sugar water for 11 weeks measured everyday for 3 days followed by once a week for 11 weeks",CHEMBL3045684,2010
12526736,CHEMBL2367044,Bombus terrestris,CHEMBL243282,FENAZAQUIN,CC(C)(C)c1ccc(CCOc2ncnc3ccccc23)cc1,mortality,=,25.0,%,,,CHEMBL3053926,F,"Toxicity against worker Bombus terrestris (bumblebee) assessed as mortality at 200 mg a.i./l, po administered through sugar water for 11 weeks measured everyday for 3 days followed by once a week for 11 weeks",CHEMBL3045684,2010
12526737,CHEMBL2367044,Bombus terrestris,CHEMBL226430,FLUCYCLOXURON,O=C(NC(=O)c1c(F)cccc1F)Nc1ccc(CO/N=C(/c2ccc(Cl)cc2)C2CC2)cc1,mortality,=,25.0,%,,,CHEMBL3053927,F,"Toxicity against worker Bombus terrestris (bumblebee) assessed as mortality at 125 mg a.i./l, po administered through sugar water for 11 weeks measured everyday for 3 days followed by once a week for 11 weeks",CHEMBL3045684,2010
12526738,CHEMBL2367044,Bombus terrestris,CHEMBL1472895,FENBUTATIN OXIDE,,mortality,=,25.0,%,,,CHEMBL3053928,F,"Toxicity against worker Bombus terrestris (bumblebee) assessed as mortality at 275 mg a.i./l, po administered through sugar water for 11 weeks measured everyday for 3 days followed by once a week for 11 weeks",CHEMBL3045684,2010
12526739,CHEMBL2367044,Bombus terrestris,CHEMBL1897070,TEBUFENPYRAD,CCc1nn(C)c(C(=O)NCc2ccc(C(C)(C)C)cc2)c1Cl,mortality,=,50.0,%,,,CHEMBL3053853,F,"Toxicity against worker Bombus terrestris (bumblebee) assessed as mortality at 10 mg a.i./l, po administered through sugar water for 11 weeks measured everyday for 3 days followed by once a week for 11 weeks",CHEMBL3045684,2010
12526740,CHEMBL2367044,Bombus terrestris,CHEMBL1358709,AZOCYCLOTIN,,mortality,=,50.0,%,,,CHEMBL3053924,F,"Toxicity against worker Bombus terrestris (bumblebee) assessed as mortality at 750 mg a.i./l, po administered through sugar water for 11 weeks measured everyday for 3 days followed by once a week for 11 weeks",CHEMBL3045684,2010
12526741,CHEMBL2367044,Bombus terrestris,CHEMBL2227975,BIFENTHRIN,Cc1c(COC(=O)[C@@H]2[C@H](/C=C(\Cl)C(F)(F)F)C2(C)C)cccc1-c1ccccc1,mortality,=,90.0,%,,,CHEMBL3053901,F,"Toxicity against worker Bombus terrestris (bumblebee) assessed as mortality at 30 mg a.i./l, po administered through pollen for 11 weeks measured everyday for 3 days followed by once a week for 11 weeks",CHEMBL3045684,2010
12526742,CHEMBL2367044,Bombus terrestris,CHEMBL1867780,BROMOPROPYLATE,CC(C)OC(=O)C(O)(c1ccc(Br)cc1)c1ccc(Br)cc1,mortality,<,25.0,%,,,CHEMBL3053849,F,"Toxicity against worker Bombus terrestris (bumblebee) assessed as mortality at 500 mg a.i./l, po administered through sugar water for 11 weeks measured everyday for 3 days followed by once a week for 11 weeks",CHEMBL3045684,2010
12526743,CHEMBL2367044,Bombus terrestris,CHEMBL2227838,SPIROMESIFEN,Cc1cc(C)c(C2=C(OC(=O)CC(C)(C)C)C3(CCCC3)OC2=O)c(C)c1,mortality,<,25.0,%,,,CHEMBL3053850,F,"Toxicity against worker Bombus terrestris (bumblebee) assessed as mortality at 0.8 mg a.i./l, po administered through sugar water for 11 weeks measured everyday for 3 days followed by once a week for 11 weeks",CHEMBL3045684,2010
12526744,CHEMBL2367044,Bombus terrestris,CHEMBL2227839,SPIRODICLOFEN,CCC(C)(C)C(=O)OC1=C(c2ccc(Cl)cc2Cl)C(=O)OC12CCCCC2,mortality,<,25.0,%,,,CHEMBL3053851,F,"Toxicity against worker Bombus terrestris (bumblebee) assessed as mortality at 96 mg a.i./l, po administered through sugar water for 11 weeks measured everyday for 3 days followed by once a week for 11 weeks",CHEMBL3045684,2010
12526745,CHEMBL2367044,Bombus terrestris,CHEMBL1869353,ACEQUINOCYL,CCCCCCCCCCCCC1=C(OC(C)=O)C(=O)c2ccccc2C1=O,mortality,<,25.0,%,,,CHEMBL3053852,F,"Toxicity against worker Bombus terrestris (bumblebee) assessed as mortality at 150 mg a.i./l, po administered through sugar water for 11 weeks measured everyday for 3 days followed by once a week for 11 weeks",CHEMBL3045684,2010
12526746,CHEMBL2367044,Bombus terrestris,CHEMBL1079786,HEXYTHIAZOX,C[C@@H]1[C@@H](c2ccc(Cl)cc2)SC(=O)N1C(=O)NC1CCCCC1,mortality,<,25.0,%,,,CHEMBL3053854,F,"Toxicity against worker Bombus terrestris (bumblebee) assessed as mortality at 3 mg a.i./l, po administered through sugar water for 11 weeks measured everyday for 3 days followed by once a week for 11 weeks",CHEMBL3045684,2010
12526747,CHEMBL2367044,Bombus terrestris,CHEMBL499030,MILBEMECTIN,C/C1=C\C[C@@H]2C[C@@H](C[C@]3(CC[C@H](C)[C@@H](C)O3)O2)OC(=O)[C@@H]2CC[C@@H](O)[C@H]3OC/C(=C\C=C\[C@H](C)C1)[C@]32O,mortality,<,25.0,%,,,CHEMBL3053853,F,"Toxicity against worker Bombus terrestris (bumblebee) assessed as mortality at 10 mg a.i./l, po administered through sugar water for 11 weeks measured everyday for 3 days followed by once a week for 11 weeks",CHEMBL3045684,2010
12526748,CHEMBL2367044,Bombus terrestris,CHEMBL3215298,ABAMECTIN,CC[C@H](C)[C@H]1O[C@]2(C=C[C@@H]1C)C[C@@H]1C[C@@H](C/C=C(\C)[C@@H](O[C@H]3C[C@H](OC)[C@@H](O[C@H]4C[C@H](OC)[C@@H](O)[C@H](C)O4)[C@H](C)O3)[C@@H](C)/C=C/C=C3\CO[C@@H]4[C@H](O)C(C)=C[C@@H](C(=O)O1)[C@]34O)O2.CO[C@H]1C[C@H](O[C@H]2[C@H](C)O[C@@H](O[C@@H]3/C(C)=C/C[C@@H]4C[C@@H](C[C@]5(C=C[C@H](C)[C@@H](C(C)C)O5)O4)OC(=O)[C@@H]4C=C(C)[C@@H](O)[C@H]5OC/C(=C\C=C\[C@@H]3C)[C@]54O)C[C@@H]2OC)O[C@@H](C)[C@@H]1O,Activity,,,,,,CHEMBL3053855,F,Contact toxicity against worker Bombus terrestris (bumblebee) assessed as mortality at 18 mg a.i./l applied on the dorsal thorax measured after 3 to 4 weeks,CHEMBL3045684,2010
12526749,CHEMBL2367044,Bombus terrestris,CHEMBL225963,PYRIDABEN,CC(C)(C)c1ccc(CSc2cnn(C(C)(C)C)c(=O)c2Cl)cc1,Activity,,,,,,CHEMBL3053375,F,Contact toxicity against worker Bombus terrestris (bumblebee) assessed as mortality at 75 mg a.i./l applied on the dorsal thorax measured up to 1 week,CHEMBL3045684,2010
12526750,CHEMBL2367044,Bombus terrestris,CHEMBL2227975,BIFENTHRIN,Cc1c(COC(=O)[C@@H]2[C@H](/C=C(\Cl)C(F)(F)F)C2(C)C)cccc1-c1ccccc1,Activity,,,,,,CHEMBL3053376,F,Contact toxicity against worker Bombus terrestris (bumblebee) assessed as mortality at 30 mg a.i./l applied on the dorsal thorax measured up to 1 week,CHEMBL3045684,2010
12526751,CHEMBL2367044,Bombus terrestris,CHEMBL1872845,BIFENAZATE,COc1ccc(-c2ccccc2)cc1NNC(=O)OC(C)C,mortality,<,25.0,%,,,CHEMBL3053378,F,Contact toxicity against worker Bombus terrestris (bumblebee) assessed as mortality at 96 mg a.i./l applied on the dorsal thorax for 11 weeks measured everyday for 3 days followed by once a week for 11 weeks,CHEMBL3045684,2010
12526752,CHEMBL2367044,Bombus terrestris,CHEMBL2227838,SPIROMESIFEN,Cc1cc(C)c(C2=C(OC(=O)CC(C)(C)C)C3(CCCC3)OC2=O)c(C)c1,mortality,<,25.0,%,,,CHEMBL3053377,F,Contact toxicity against worker Bombus terrestris (bumblebee) assessed as mortality at 0.8 mg a.i./l applied on the dorsal thorax for 11 weeks measured everyday for 3 days followed by once a week for 11 weeks,CHEMBL3045684,2010
12526753,CHEMBL2367044,Bombus terrestris,CHEMBL2227839,SPIRODICLOFEN,CCC(C)(C)C(=O)OC1=C(c2ccc(Cl)cc2Cl)C(=O)OC12CCCCC2,mortality,<,25.0,%,,,CHEMBL3053378,F,Contact toxicity against worker Bombus terrestris (bumblebee) assessed as mortality at 96 mg a.i./l applied on the dorsal thorax for 11 weeks measured everyday for 3 days followed by once a week for 11 weeks,CHEMBL3045684,2010
12526754,CHEMBL2367044,Bombus terrestris,CHEMBL1897070,TEBUFENPYRAD,CCc1nn(C)c(C(=O)NCc2ccc(C(C)(C)C)cc2)c1Cl,mortality,<,25.0,%,,,CHEMBL3053869,F,Contact toxicity against worker Bombus terrestris (bumblebee) assessed as mortality at 200 mg a.i./l applied on the dorsal thorax for 11 weeks measured everyday for 3 days followed by once a week for 11 weeks,CHEMBL3045684,2010
12526755,CHEMBL2367044,Bombus terrestris,CHEMBL1897070,TEBUFENPYRAD,CCc1nn(C)c(C(=O)NCc2ccc(C(C)(C)C)cc2)c1Cl,mortality,<,25.0,%,,,CHEMBL3053379,F,Contact toxicity against worker Bombus terrestris (bumblebee) assessed as mortality at 100 mg a.i./l applied on the dorsal thorax for 11 weeks measured everyday for 3 days followed by once a week for 11 weeks,CHEMBL3045684,2010
12526756,CHEMBL2367044,Bombus terrestris,CHEMBL225963,PYRIDABEN,CC(C)(C)c1ccc(CSc2cnn(C(C)(C)C)c(=O)c2Cl)cc1,mortality,=,50.0,%,,,CHEMBL3053867,F,Contact toxicity against worker Bombus terrestris (bumblebee) assessed as mortality at 75 mg a.i./l applied on the dorsal thorax for 11 weeks measured everyday for 3 days followed by once a week for 11 weeks,CHEMBL3045684,2010
12526757,CHEMBL2367044,Bombus terrestris,CHEMBL365100,FENPYROXYMATE,Cc1nn(C)c(Oc2ccccc2)c1/C=N/OCc1ccc(C(=O)OC(C)(C)C)cc1,mortality,<,25.0,%,,,CHEMBL3053868,F,Contact toxicity against worker Bombus terrestris (bumblebee) assessed as mortality at 50 mg a.i./l applied on the dorsal thorax for 11 weeks measured everyday for 3 days followed by once a week for 11 weeks,CHEMBL3045684,2010
12526758,CHEMBL2367044,Bombus terrestris,CHEMBL243282,FENAZAQUIN,CC(C)(C)c1ccc(CCOc2ncnc3ccccc23)cc1,mortality,<,25.0,%,,,CHEMBL3053869,F,Contact toxicity against worker Bombus terrestris (bumblebee) assessed as mortality at 200 mg a.i./l applied on the dorsal thorax for 11 weeks measured everyday for 3 days followed by once a week for 11 weeks,CHEMBL3045684,2010
12526759,CHEMBL2367044,Bombus terrestris,CHEMBL1869353,ACEQUINOCYL,CCCCCCCCCCCCC1=C(OC(C)=O)C(=O)c2ccccc2C1=O,mortality,<,25.0,%,,,CHEMBL3057327,F,Contact toxicity against worker Bombus terrestris (bumblebee) assessed as mortality at 150 mg a.i./l applied on the dorsal thorax for 11 weeks measured everyday for 3 days followed by once a week for 11 weeks,CHEMBL3045684,2010
12526760,CHEMBL2367044,Bombus terrestris,CHEMBL1365675,AMITRAZ,Cc1ccc(/N=C/N(C)/C=N/c2ccc(C)cc2C)c(C)c1,mortality,<,25.0,%,,,CHEMBL3057320,F,Contact toxicity against worker Bombus terrestris (bumblebee) assessed as mortality at 400 mg a.i./l applied on the dorsal thorax for 11 weeks measured everyday for 3 days followed by once a week for 11 weeks,CHEMBL3045684,2010
12526761,CHEMBL2367044,Bombus terrestris,CHEMBL226430,FLUCYCLOXURON,O=C(NC(=O)c1c(F)cccc1F)Nc1ccc(CO/N=C(/c2ccc(Cl)cc2)C2CC2)cc1,mortality,<,25.0,%,,,CHEMBL3057321,F,Contact toxicity against worker Bombus terrestris (bumblebee) assessed as mortality at 125 mg a.i./l applied on the dorsal thorax for 11 weeks measured everyday for 3 days followed by once a week for 11 weeks,CHEMBL3045684,2010
12526762,CHEMBL2367044,Bombus terrestris,CHEMBL1869551,CHLORFENAPYR,CCOCn1c(-c2ccc(Cl)cc2)c(C#N)c(Br)c1C(F)(F)F,mortality,<,25.0,%,,,CHEMBL3057322,F,Contact toxicity against worker Bombus terrestris (bumblebee) assessed as mortality at 240 mg a.i./l applied on the dorsal thorax for 11 weeks measured everyday for 3 days followed by once a week for 11 weeks,CHEMBL3045684,2010
12526763,CHEMBL2367044,Bombus terrestris,CHEMBL1472895,FENBUTATIN OXIDE,,mortality,<,25.0,%,,,CHEMBL3057323,F,Contact toxicity against worker Bombus terrestris (bumblebee) assessed as mortality at 275 mg a.i./l applied on the dorsal thorax for 11 weeks measured everyday for 3 days followed by once a week for 11 weeks,CHEMBL3045684,2010
12526764,CHEMBL2367044,Bombus terrestris,CHEMBL1358709,AZOCYCLOTIN,,mortality,<,25.0,%,,,CHEMBL3057324,F,Contact toxicity against worker Bombus terrestris (bumblebee) assessed as mortality at 750 mg a.i./l applied on the dorsal thorax for 11 weeks measured everyday for 3 days followed by once a week for 11 weeks,CHEMBL3045684,2010
12526765,CHEMBL2367044,Bombus terrestris,CHEMBL1881674,ETOXAZOLE,CCOc1cc(C(C)(C)C)ccc1C1COC(c2c(F)cccc2F)=N1,mortality,<,25.0,%,,,CHEMBL3057325,F,Contact toxicity against worker Bombus terrestris (bumblebee) assessed as mortality at 55 mg a.i./l applied on the dorsal thorax for 11 weeks measured everyday for 3 days followed by once a week for 11 weeks,CHEMBL3045684,2010
12526766,CHEMBL2367044,Bombus terrestris,CHEMBL1079786,HEXYTHIAZOX,C[C@@H]1[C@@H](c2ccc(Cl)cc2)SC(=O)N1C(=O)NC1CCCCC1,mortality,<,25.0,%,,,CHEMBL3057326,F,Contact toxicity against worker Bombus terrestris (bumblebee) assessed as mortality at 3 mg a.i./l applied on the dorsal thorax for 11 weeks measured everyday for 3 days followed by once a week for 11 weeks,CHEMBL3045684,2010
12526767,CHEMBL2367044,Bombus terrestris,CHEMBL17888,CLOFENTEZINE,Clc1ccccc1-c1nnc(-c2ccccc2Cl)nn1,mortality,<,25.0,%,,,CHEMBL3057327,F,Contact toxicity against worker Bombus terrestris (bumblebee) assessed as mortality at 150 mg a.i./l applied on the dorsal thorax for 11 weeks measured everyday for 3 days followed by once a week for 11 weeks,CHEMBL3045684,2010
12526768,CHEMBL2367044,Bombus terrestris,CHEMBL1897070,TEBUFENPYRAD,CCc1nn(C)c(C(=O)NCc2ccc(C(C)(C)C)cc2)c1Cl,mortality,<,25.0,%,,,CHEMBL3057328,F,Contact toxicity against worker Bombus terrestris (bumblebee) assessed as mortality at 10 mg a.i./l applied on the dorsal thorax for 11 weeks measured everyday for 3 days followed by once a week for 11 weeks,CHEMBL3045684,2010
12526769,CHEMBL2367044,Bombus terrestris,CHEMBL499030,MILBEMECTIN,C/C1=C\C[C@@H]2C[C@@H](C[C@]3(CC[C@H](C)[C@@H](C)O3)O2)OC(=O)[C@@H]2CC[C@@H](O)[C@H]3OC/C(=C\C=C\[C@H](C)C1)[C@]32O,mortality,<,25.0,%,,,CHEMBL3057328,F,Contact toxicity against worker Bombus terrestris (bumblebee) assessed as mortality at 10 mg a.i./l applied on the dorsal thorax for 11 weeks measured everyday for 3 days followed by once a week for 11 weeks,CHEMBL3045684,2010
12526770,CHEMBL2367044,Bombus terrestris,CHEMBL3215298,ABAMECTIN,CC[C@H](C)[C@H]1O[C@]2(C=C[C@@H]1C)C[C@@H]1C[C@@H](C/C=C(\C)[C@@H](O[C@H]3C[C@H](OC)[C@@H](O[C@H]4C[C@H](OC)[C@@H](O)[C@H](C)O4)[C@H](C)O3)[C@@H](C)/C=C/C=C3\CO[C@@H]4[C@H](O)C(C)=C[C@@H](C(=O)O1)[C@]34O)O2.CO[C@H]1C[C@H](O[C@H]2[C@H](C)O[C@@H](O[C@@H]3/C(C)=C/C[C@@H]4C[C@@H](C[C@]5(C=C[C@H](C)[C@@H](C(C)C)O5)O4)OC(=O)[C@@H]4C=C(C)[C@@H](O)[C@H]5OC/C(=C\C=C\[C@@H]3C)[C@]54O)C[C@@H]2OC)O[C@@H](C)[C@@H]1O,mortality,=,100.0,%,,,CHEMBL3057329,F,Contact toxicity against worker Bombus terrestris (bumblebee) assessed as mortality at 18 mg a.i./l applied on the dorsal thorax for 11 weeks measured everyday for 3 days followed by once a week for 11 weeks,CHEMBL3045684,2010
12526771,CHEMBL2367044,Bombus terrestris,CHEMBL2227975,BIFENTHRIN,Cc1c(COC(=O)[C@@H]2[C@H](/C=C(\Cl)C(F)(F)F)C2(C)C)cccc1-c1ccccc1,mortality,=,100.0,%,,,CHEMBL3057330,F,Contact toxicity against worker Bombus terrestris (bumblebee) assessed as mortality at 30 mg a.i./l applied on the dorsal thorax for 11 weeks measured everyday for 3 days followed by once a week for 11 weeks,CHEMBL3045684,2010
12526772,CHEMBL2367044,Bombus terrestris,CHEMBL1867780,BROMOPROPYLATE,CC(C)OC(=O)C(O)(c1ccc(Br)cc1)c1ccc(Br)cc1,mortality,<,25.0,%,,,CHEMBL3057331,F,Contact toxicity against worker Bombus terrestris (bumblebee) assessed as mortality at 500 mg a.i./l applied on the dorsal thorax for 11 weeks measured everyday for 3 days followed by once a week for 11 weeks,CHEMBL3045684,2010
12526773,CHEMBL2367044,Bombus terrestris,CHEMBL1355965,DIENOCHLOR,ClC1=C(Cl)C(Cl)(C2(Cl)C(Cl)=C(Cl)C(Cl)=C2Cl)C(Cl)=C1Cl,mortality,<,25.0,%,,,CHEMBL3057331,F,Contact toxicity against worker Bombus terrestris (bumblebee) assessed as mortality at 500 mg a.i./l applied on the dorsal thorax for 11 weeks measured everyday for 3 days followed by once a week for 11 weeks,CHEMBL3045684,2010
